"","avg_logFC","p_val","p_val_adj"
"Afap1l2",-2.65157855119921,3.59916999484697e-08,0.000286649895622929
"Cd38",-2.58713896051709,4.99649996981707e-11,1.19381373778839e-06
