"","avg_logFC","p_val","p_val_adj"
"Olfm1",2.03123050206908,5.10743905693605e-12,1.10627129973235e-07
