"","avg_logFC","p_val","p_val_adj"
"Nrg1",2.33144108014885,2.64413199647059e-11,2.21776571203971e-07
"Shroom3",2.11625881672714,1.09234674051651e-06,0.00261773093888064
