"","avg_logFC","p_val","p_val_adj"
"Cbln4",1.92745392133293,1.11452546672554e-07,0.00114952156638072
