"","avg_logFC","p_val","p_val_adj"
"Schip1",1.38259552704452,8.89463999497137e-10,2.13337940279388e-05
