"","avg_logFC","p_val","p_val_adj"
"Olfm1",1.9851561924831,3.70565319634863e-12,8.05460778758339e-08
