"","avg_logFC","p_val","p_val_adj"
"Oprk1",-7.30649030051423,1.06216104944749e-08,6.26117384623056e-05
"Smim5",-5.97465846436305,3.65927183616144e-06,0.00958688562498341
