"","avg_logFC","p_val","p_val_adj"
"6530411M01Rik",3.55379064287348,1.6758137812878e-08,0.000302853066554331
