"","avg_logFC","p_val","p_val_adj"
"Ctnna3",1.79839480955447,4.78026298575148e-09,3.93606854246777e-05
"Thsd4",3.15659848171859,9.82972938937668e-14,1.61875983584255e-09
