"","avg_logFC","p_val","p_val_adj"
"Gm45321",5.91873540682525,1.8540298390285e-06,0.00552130086062687
