"","avg_logFC","p_val","p_val_adj"
"Fbxl7",6.94664771328725,1.97891309303508e-12,2.42416853896797e-08
