"","avg_logFC","p_val","p_val_adj"
"9330111N05Rik",6.06732088265465,2.4097318019174e-08,0.0001196030217685
