"","avg_logFC","p_val","p_val_adj"
"Gm5127",-3.54738340957465,8.02518819456197e-12,1.19495052217028e-07
"Il1r1",-2.56434725564955,3.4573524381851e-09,2.57399889022881e-05
