"","avg_logFC","p_val","p_val_adj"
"Apoe",3.52980999306812,8.4866840916323e-12,1.03961880122496e-07
