"","avg_logFC","p_val","p_val_adj"
"Col25a1",6.26751644008281,7.15485294378573e-08,0.000259242901684175
