"","avg_logFC","p_val","p_val_adj"
"Ephb1",0.809183709134243,1.84641574574056e-07,0.0024506157219938
"Mgat4c",0.908707161900723,2.20706598999756e-07,0.0024506157219938
