"","avg_logFC","p_val","p_val_adj"
"Dock9",-0.649736729480934,2.42413000177301e-06,0.00816550875882941
"Gm34776",-1.2716511781748,3.32422797069899e-08,0.000391909856605558
